iso_code,continent,location,date,total_cases,new_cases
DOM,North America,Dominican Republic,03/01/2020,NA,0
DOM,North America,Dominican Republic,04/01/2020,NA,0
DOM,North America,Dominican Republic,05/01/2020,NA,0
DOM,North America,Dominican Republic,06/01/2020,NA,0
DOM,North America,Dominican Republic,07/01/2020,NA,0
DOM,North America,Dominican Republic,08/01/2020,NA,0
DOM,North America,Dominican Republic,09/01/2020,NA,0
DOM,North America,Dominican Republic,10/01/2020,NA,0
DOM,North America,Dominican Republic,11/01/2020,NA,0
DOM,North America,Dominican Republic,12/01/2020,NA,0
DOM,North America,Dominican Republic,13/01/2020,NA,0
DOM,North America,Dominican Republic,14/01/2020,NA,0
DOM,North America,Dominican Republic,15/01/2020,NA,0
DOM,North America,Dominican Republic,16/01/2020,NA,0
DOM,North America,Dominican Republic,17/01/2020,NA,0
DOM,North America,Dominican Republic,18/01/2020,NA,0
DOM,North America,Dominican Republic,19/01/2020,NA,0
DOM,North America,Dominican Republic,20/01/2020,NA,0
DOM,North America,Dominican Republic,21/01/2020,NA,0
DOM,North America,Dominican Republic,22/01/2020,NA,0
DOM,North America,Dominican Republic,23/01/2020,NA,0
DOM,North America,Dominican Republic,24/01/2020,NA,0
DOM,North America,Dominican Republic,25/01/2020,NA,0
DOM,North America,Dominican Republic,26/01/2020,NA,0
DOM,North America,Dominican Republic,27/01/2020,NA,0
DOM,North America,Dominican Republic,28/01/2020,NA,0
DOM,North America,Dominican Republic,29/01/2020,NA,0
DOM,North America,Dominican Republic,30/01/2020,NA,0
DOM,North America,Dominican Republic,31/01/2020,NA,0
DOM,North America,Dominican Republic,01/02/2020,NA,0
DOM,North America,Dominican Republic,02/02/2020,NA,0
DOM,North America,Dominican Republic,03/02/2020,NA,0
DOM,North America,Dominican Republic,04/02/2020,NA,0
DOM,North America,Dominican Republic,05/02/2020,NA,0
DOM,North America,Dominican Republic,06/02/2020,NA,0
DOM,North America,Dominican Republic,07/02/2020,NA,0
DOM,North America,Dominican Republic,08/02/2020,NA,0
DOM,North America,Dominican Republic,09/02/2020,NA,0
DOM,North America,Dominican Republic,10/02/2020,NA,0
DOM,North America,Dominican Republic,11/02/2020,NA,0
DOM,North America,Dominican Republic,12/02/2020,NA,0
DOM,North America,Dominican Republic,13/02/2020,NA,0
DOM,North America,Dominican Republic,14/02/2020,NA,0
DOM,North America,Dominican Republic,15/02/2020,NA,0
DOM,North America,Dominican Republic,16/02/2020,NA,0
DOM,North America,Dominican Republic,17/02/2020,NA,0
DOM,North America,Dominican Republic,18/02/2020,NA,0
DOM,North America,Dominican Republic,19/02/2020,NA,0
DOM,North America,Dominican Republic,20/02/2020,NA,0
DOM,North America,Dominican Republic,21/02/2020,NA,0
DOM,North America,Dominican Republic,22/02/2020,NA,0
DOM,North America,Dominican Republic,23/02/2020,NA,0
DOM,North America,Dominican Republic,24/02/2020,NA,0
DOM,North America,Dominican Republic,25/02/2020,NA,0
DOM,North America,Dominican Republic,26/02/2020,NA,0
DOM,North America,Dominican Republic,27/02/2020,NA,0
DOM,North America,Dominican Republic,28/02/2020,NA,0
DOM,North America,Dominican Republic,29/02/2020,NA,0
DOM,North America,Dominican Republic,01/03/2020,NA,0
DOM,North America,Dominican Republic,02/03/2020,NA,0
DOM,North America,Dominican Republic,03/03/2020,1,1
DOM,North America,Dominican Republic,04/03/2020,1,0
DOM,North America,Dominican Republic,05/03/2020,1,0
DOM,North America,Dominican Republic,06/03/2020,1,0
DOM,North America,Dominican Republic,07/03/2020,2,1
DOM,North America,Dominican Republic,08/03/2020,2,0
DOM,North America,Dominican Republic,09/03/2020,2,0
DOM,North America,Dominican Republic,10/03/2020,2,0
DOM,North America,Dominican Republic,11/03/2020,5,3
DOM,North America,Dominican Republic,12/03/2020,5,0
DOM,North America,Dominican Republic,13/03/2020,5,0
DOM,North America,Dominican Republic,14/03/2020,5,0
DOM,North America,Dominican Republic,15/03/2020,5,0
DOM,North America,Dominican Republic,16/03/2020,5,0
DOM,North America,Dominican Republic,17/03/2020,5,0
DOM,North America,Dominican Republic,18/03/2020,21,16
DOM,North America,Dominican Republic,19/03/2020,21,0
DOM,North America,Dominican Republic,20/03/2020,34,13
DOM,North America,Dominican Republic,21/03/2020,34,0
DOM,North America,Dominican Republic,22/03/2020,72,38
DOM,North America,Dominican Republic,23/03/2020,72,0
DOM,North America,Dominican Republic,24/03/2020,245,173
DOM,North America,Dominican Republic,25/03/2020,312,67
DOM,North America,Dominican Republic,26/03/2020,392,80
DOM,North America,Dominican Republic,27/03/2020,488,96
DOM,North America,Dominican Republic,28/03/2020,581,93
DOM,North America,Dominican Republic,29/03/2020,581,0
DOM,North America,Dominican Republic,30/03/2020,581,0
DOM,North America,Dominican Republic,31/03/2020,901,320
DOM,North America,Dominican Republic,01/04/2020,1109,208
DOM,North America,Dominican Republic,02/04/2020,1284,175
DOM,North America,Dominican Republic,03/04/2020,1380,96
DOM,North America,Dominican Republic,04/04/2020,1488,108
DOM,North America,Dominican Republic,05/04/2020,1488,0
DOM,North America,Dominican Republic,06/04/2020,1488,0
DOM,North America,Dominican Republic,07/04/2020,1828,340
DOM,North America,Dominican Republic,08/04/2020,1956,128
DOM,North America,Dominican Republic,09/04/2020,1956,0
DOM,North America,Dominican Republic,10/04/2020,2349,393
DOM,North America,Dominican Republic,11/04/2020,2349,0
DOM,North America,Dominican Republic,12/04/2020,2620,271
DOM,North America,Dominican Republic,13/04/2020,2967,347
DOM,North America,Dominican Republic,14/04/2020,3167,200
DOM,North America,Dominican Republic,15/04/2020,3286,119
DOM,North America,Dominican Republic,16/04/2020,3614,328
DOM,North America,Dominican Republic,17/04/2020,3755,141
DOM,North America,Dominican Republic,18/04/2020,4126,371
DOM,North America,Dominican Republic,19/04/2020,4335,209
DOM,North America,Dominican Republic,20/04/2020,4680,345
DOM,North America,Dominican Republic,21/04/2020,4964,284
DOM,North America,Dominican Republic,22/04/2020,5044,80
DOM,North America,Dominican Republic,23/04/2020,5300,256
DOM,North America,Dominican Republic,24/04/2020,5543,243
DOM,North America,Dominican Republic,25/04/2020,5749,206
DOM,North America,Dominican Republic,26/04/2020,5926,177
DOM,North America,Dominican Republic,27/04/2020,6135,209
DOM,North America,Dominican Republic,28/04/2020,6293,158
DOM,North America,Dominican Republic,29/04/2020,6416,123
DOM,North America,Dominican Republic,30/04/2020,6652,236
DOM,North America,Dominican Republic,01/05/2020,6972,320
DOM,North America,Dominican Republic,02/05/2020,7288,316
DOM,North America,Dominican Republic,03/05/2020,7578,290
DOM,North America,Dominican Republic,04/05/2020,7954,376
DOM,North America,Dominican Republic,05/05/2020,8235,281
DOM,North America,Dominican Republic,06/05/2020,8480,245
DOM,North America,Dominican Republic,07/05/2020,8807,327
DOM,North America,Dominican Republic,08/05/2020,9095,288
DOM,North America,Dominican Republic,09/05/2020,9376,281
DOM,North America,Dominican Republic,10/05/2020,9882,506
DOM,North America,Dominican Republic,11/05/2020,10347,465
DOM,North America,Dominican Republic,12/05/2020,10634,287
DOM,North America,Dominican Republic,13/05/2020,10900,266
DOM,North America,Dominican Republic,14/05/2020,11196,296
DOM,North America,Dominican Republic,15/05/2020,11320,124
DOM,North America,Dominican Republic,16/05/2020,11739,419
DOM,North America,Dominican Republic,17/05/2020,12110,371
DOM,North America,Dominican Republic,18/05/2020,12314,204
DOM,North America,Dominican Republic,19/05/2020,12725,411
DOM,North America,Dominican Republic,20/05/2020,13223,498
DOM,North America,Dominican Republic,21/05/2020,13477,254
DOM,North America,Dominican Republic,22/05/2020,13657,180
DOM,North America,Dominican Republic,23/05/2020,13989,332
DOM,North America,Dominican Republic,24/05/2020,14422,433
DOM,North America,Dominican Republic,25/05/2020,14801,379
DOM,North America,Dominican Republic,26/05/2020,15073,272
DOM,North America,Dominican Republic,27/05/2020,15264,191
DOM,North America,Dominican Republic,28/05/2020,15723,459
DOM,North America,Dominican Republic,29/05/2020,16068,345
DOM,North America,Dominican Republic,30/05/2020,16531,463
DOM,North America,Dominican Republic,31/05/2020,16908,377
DOM,North America,Dominican Republic,01/06/2020,17285,377
DOM,North America,Dominican Republic,02/06/2020,17572,287
DOM,North America,Dominican Republic,03/06/2020,17752,180
DOM,North America,Dominican Republic,04/06/2020,18040,288
DOM,North America,Dominican Republic,05/06/2020,18319,279
DOM,North America,Dominican Republic,06/06/2020,18708,389
DOM,North America,Dominican Republic,07/06/2020,19195,487
DOM,North America,Dominican Republic,08/06/2020,19600,405
DOM,North America,Dominican Republic,09/06/2020,20126,526
DOM,North America,Dominican Republic,10/06/2020,20415,289
DOM,North America,Dominican Republic,11/06/2020,20808,393
DOM,North America,Dominican Republic,12/06/2020,21437,629
DOM,North America,Dominican Republic,13/06/2020,22008,571
DOM,North America,Dominican Republic,14/06/2020,22572,564
DOM,North America,Dominican Republic,15/06/2020,22962,390
DOM,North America,Dominican Republic,16/06/2020,23271,309
DOM,North America,Dominican Republic,17/06/2020,23686,415
DOM,North America,Dominican Republic,18/06/2020,24105,419
DOM,North America,Dominican Republic,19/06/2020,24645,540
DOM,North America,Dominican Republic,20/06/2020,25068,423
DOM,North America,Dominican Republic,21/06/2020,25778,710
DOM,North America,Dominican Republic,22/06/2020,26677,899
DOM,North America,Dominican Republic,23/06/2020,27370,693
DOM,North America,Dominican Republic,24/06/2020,27936,566
DOM,North America,Dominican Republic,25/06/2020,28631,695
DOM,North America,Dominican Republic,26/06/2020,29141,510
DOM,North America,Dominican Republic,27/06/2020,29764,623
DOM,North America,Dominican Republic,28/06/2020,30619,855
DOM,North America,Dominican Republic,29/06/2020,31373,754
DOM,North America,Dominican Republic,30/06/2020,31816,443
DOM,North America,Dominican Republic,01/07/2020,32568,752
DOM,North America,Dominican Republic,02/07/2020,33387,819
DOM,North America,Dominican Republic,03/07/2020,34197,810
DOM,North America,Dominican Republic,04/07/2020,35148,951
DOM,North America,Dominican Republic,05/07/2020,36184,1036
DOM,North America,Dominican Republic,06/07/2020,37425,1241
DOM,North America,Dominican Republic,07/07/2020,38128,703
DOM,North America,Dominican Republic,08/07/2020,38430,302
DOM,North America,Dominican Republic,09/07/2020,39588,1158
DOM,North America,Dominican Republic,10/07/2020,40790,1202
DOM,North America,Dominican Republic,11/07/2020,41915,1125
DOM,North America,Dominican Republic,12/07/2020,43114,1199
DOM,North America,Dominican Republic,13/07/2020,44532,1418
DOM,North America,Dominican Republic,14/07/2020,45506,974
DOM,North America,Dominican Republic,15/07/2020,46305,799
DOM,North America,Dominican Republic,16/07/2020,47671,1366
DOM,North America,Dominican Republic,17/07/2020,48743,1072
DOM,North America,Dominican Republic,18/07/2020,50113,1370
DOM,North America,Dominican Republic,19/07/2020,51519,1406
DOM,North America,Dominican Republic,20/07/2020,52855,1336
DOM,North America,Dominican Republic,21/07/2020,53956,1101
DOM,North America,Dominican Republic,22/07/2020,54797,841
DOM,North America,Dominican Republic,23/07/2020,56043,1246
DOM,North America,Dominican Republic,24/07/2020,57615,1572
DOM,North America,Dominican Republic,25/07/2020,59077,1462
DOM,North America,Dominican Republic,26/07/2020,60896,1819
DOM,North America,Dominican Republic,27/07/2020,62908,2012
DOM,North America,Dominican Republic,28/07/2020,64156,1248
DOM,North America,Dominican Republic,29/07/2020,64690,534
DOM,North America,Dominican Republic,30/07/2020,66182,1492
DOM,North America,Dominican Republic,31/07/2020,67915,1733
DOM,North America,Dominican Republic,01/08/2020,69649,1734
DOM,North America,Dominican Republic,02/08/2020,71415,1766
DOM,North America,Dominican Republic,03/08/2020,72243,828
DOM,North America,Dominican Republic,04/08/2020,73117,874
DOM,North America,Dominican Republic,05/08/2020,74295,1178
DOM,North America,Dominican Republic,06/08/2020,75660,1365
DOM,North America,Dominican Republic,07/08/2020,76536,876
DOM,North America,Dominican Republic,08/08/2020,77709,1173
DOM,North America,Dominican Republic,09/08/2020,78778,1069
DOM,North America,Dominican Republic,10/08/2020,79732,954
DOM,North America,Dominican Republic,11/08/2020,80499,767
DOM,North America,Dominican Republic,12/08/2020,81094,595
DOM,North America,Dominican Republic,13/08/2020,82224,1130
DOM,North America,Dominican Republic,14/08/2020,83134,910
DOM,North America,Dominican Republic,15/08/2020,84488,1354
DOM,North America,Dominican Republic,16/08/2020,85545,1057
DOM,North America,Dominican Republic,17/08/2020,86309,764
DOM,North America,Dominican Republic,18/08/2020,86737,428
DOM,North America,Dominican Republic,19/08/2020,87123,386
DOM,North America,Dominican Republic,20/08/2020,88127,1004
DOM,North America,Dominican Republic,21/08/2020,88127,0
DOM,North America,Dominican Republic,22/08/2020,89867,1740
DOM,North America,Dominican Republic,23/08/2020,90561,694
DOM,North America,Dominican Republic,24/08/2020,91161,600
DOM,North America,Dominican Republic,25/08/2020,91608,447
DOM,North America,Dominican Republic,26/08/2020,92217,609
DOM,North America,Dominican Republic,27/08/2020,92557,340
DOM,North America,Dominican Republic,28/08/2020,92964,407
DOM,North America,Dominican Republic,29/08/2020,93390,426
DOM,North America,Dominican Republic,30/08/2020,93726,336
DOM,North America,Dominican Republic,31/08/2020,94235,509
DOM,North America,Dominican Republic,01/09/2020,94715,480
DOM,North America,Dominican Republic,02/09/2020,94979,264
DOM,North America,Dominican Republic,03/09/2020,95627,648
DOM,North America,Dominican Republic,04/09/2020,96629,1002
DOM,North America,Dominican Republic,05/09/2020,96629,0
DOM,North America,Dominican Republic,06/09/2020,98776,2147
DOM,North America,Dominican Republic,07/09/2020,99333,557
DOM,North America,Dominican Republic,08/09/2020,99898,565
DOM,North America,Dominican Republic,09/09/2020,100131,233
DOM,North America,Dominican Republic,10/09/2020,100937,806
DOM,North America,Dominican Republic,11/09/2020,101716,779
DOM,North America,Dominican Republic,12/09/2020,102232,516
DOM,North America,Dominican Republic,13/09/2020,103092,860
DOM,North America,Dominican Republic,14/09/2020,103660,568
DOM,North America,Dominican Republic,15/09/2020,104110,450
DOM,North America,Dominican Republic,16/09/2020,104803,693
DOM,North America,Dominican Republic,17/09/2020,105521,718
DOM,North America,Dominican Republic,18/09/2020,106136,615
DOM,North America,Dominican Republic,19/09/2020,106732,596
DOM,North America,Dominican Republic,20/09/2020,107700,968
DOM,North America,Dominican Republic,21/09/2020,108289,589
DOM,North America,Dominican Republic,22/09/2020,108783,494
DOM,North America,Dominican Republic,23/09/2020,109269,486
DOM,North America,Dominican Republic,24/09/2020,109737,468
DOM,North America,Dominican Republic,25/09/2020,110122,385
DOM,North America,Dominican Republic,26/09/2020,110597,475
DOM,North America,Dominican Republic,27/09/2020,110957,360
DOM,North America,Dominican Republic,28/09/2020,111386,429
DOM,North America,Dominican Republic,29/09/2020,111666,280
DOM,North America,Dominican Republic,30/09/2020,111900,234
DOM,North America,Dominican Republic,01/10/2020,112209,309
DOM,North America,Dominican Republic,02/10/2020,112728,519
DOM,North America,Dominican Republic,03/10/2020,113350,622
DOM,North America,Dominican Republic,04/10/2020,113926,576
DOM,North America,Dominican Republic,05/10/2020,114480,554
DOM,North America,Dominican Republic,06/10/2020,115054,574
DOM,North America,Dominican Republic,07/10/2020,115371,317
DOM,North America,Dominican Republic,08/10/2020,116148,777
DOM,North America,Dominican Republic,09/10/2020,116872,724
DOM,North America,Dominican Republic,10/10/2020,117457,585
DOM,North America,Dominican Republic,11/10/2020,118014,557
DOM,North America,Dominican Republic,12/10/2020,118477,463
DOM,North America,Dominican Republic,13/10/2020,118843,366
DOM,North America,Dominican Republic,14/10/2020,119008,165
DOM,North America,Dominican Republic,15/10/2020,119662,654
DOM,North America,Dominican Republic,16/10/2020,120066,404
DOM,North America,Dominican Republic,17/10/2020,120450,384
DOM,North America,Dominican Republic,18/10/2020,120925,475
DOM,North America,Dominican Republic,19/10/2020,121347,422
DOM,North America,Dominican Republic,20/10/2020,121667,320
DOM,North America,Dominican Republic,21/10/2020,121973,306
DOM,North America,Dominican Republic,22/10/2020,122398,425
DOM,North America,Dominican Republic,23/10/2020,122873,475
DOM,North America,Dominican Republic,24/10/2020,123284,411
DOM,North America,Dominican Republic,25/10/2020,124018,734
DOM,North America,Dominican Republic,26/10/2020,124527,509
DOM,North America,Dominican Republic,27/10/2020,124843,316
DOM,North America,Dominican Republic,28/10/2020,125008,165
DOM,North America,Dominican Republic,29/10/2020,125570,562
DOM,North America,Dominican Republic,30/10/2020,125913,343
DOM,North America,Dominican Republic,31/10/2020,126332,419
DOM,North America,Dominican Republic,01/11/2020,127018,686
DOM,North America,Dominican Republic,02/11/2020,127332,314
DOM,North America,Dominican Republic,03/11/2020,127591,259
DOM,North America,Dominican Republic,04/11/2020,127848,257
DOM,North America,Dominican Republic,05/11/2020,128278,430
DOM,North America,Dominican Republic,06/11/2020,128824,546
DOM,North America,Dominican Republic,07/11/2020,129300,476
DOM,North America,Dominican Republic,08/11/2020,129645,345
DOM,North America,Dominican Republic,09/11/2020,130182,537
DOM,North America,Dominican Republic,10/11/2020,130603,421
DOM,North America,Dominican Republic,11/11/2020,131131,528
DOM,North America,Dominican Republic,12/11/2020,131265,134
DOM,North America,Dominican Republic,13/11/2020,131636,371
DOM,North America,Dominican Republic,14/11/2020,132554,918
DOM,North America,Dominican Republic,15/11/2020,133225,671
DOM,North America,Dominican Republic,16/11/2020,133724,499
DOM,North America,Dominican Republic,17/11/2020,134203,479
DOM,North America,Dominican Republic,18/11/2020,134697,494
DOM,North America,Dominican Republic,19/11/2020,135157,460
DOM,North America,Dominican Republic,20/11/2020,136183,1026
DOM,North America,Dominican Republic,21/11/2020,136784,601
DOM,North America,Dominican Republic,22/11/2020,137770,986
DOM,North America,Dominican Republic,23/11/2020,138410,640
DOM,North America,Dominican Republic,24/11/2020,138829,419
DOM,North America,Dominican Republic,25/11/2020,139111,282
DOM,North America,Dominican Republic,26/11/2020,139664,553
DOM,North America,Dominican Republic,27/11/2020,140922,1258
DOM,North America,Dominican Republic,28/11/2020,141777,855
DOM,North America,Dominican Republic,29/11/2020,142653,876
DOM,North America,Dominican Republic,30/11/2020,143473,820
DOM,North America,Dominican Republic,01/12/2020,143988,515
DOM,North America,Dominican Republic,02/12/2020,144302,314
DOM,North America,Dominican Republic,03/12/2020,145197,895
DOM,North America,Dominican Republic,04/12/2020,146009,812
DOM,North America,Dominican Republic,05/12/2020,146680,671
DOM,North America,Dominican Republic,06/12/2020,147655,975
DOM,North America,Dominican Republic,07/12/2020,148453,798
DOM,North America,Dominican Republic,08/12/2020,149138,685
DOM,North America,Dominican Republic,09/12/2020,149630,492
DOM,North America,Dominican Republic,10/12/2020,150161,531
DOM,North America,Dominican Republic,11/12/2020,151721,1560
DOM,North America,Dominican Republic,12/12/2020,152452,731
DOM,North America,Dominican Republic,13/12/2020,153585,1133
DOM,North America,Dominican Republic,14/12/2020,154692,1107
DOM,North America,Dominican Republic,15/12/2020,155184,492
DOM,North America,Dominican Republic,16/12/2020,155797,613
DOM,North America,Dominican Republic,17/12/2020,156585,788
DOM,North America,Dominican Republic,18/12/2020,157305,720
DOM,North America,Dominican Republic,19/12/2020,157929,624
DOM,North America,Dominican Republic,20/12/2020,159064,1135
DOM,North America,Dominican Republic,21/12/2020,160386,1322
DOM,North America,Dominican Republic,22/12/2020,161052,666
DOM,North America,Dominican Republic,23/12/2020,161930,878
DOM,North America,Dominican Republic,24/12/2020,162496,566
DOM,North America,Dominican Republic,25/12/2020,163654,1158
DOM,North America,Dominican Republic,26/12/2020,165035,1381
DOM,North America,Dominican Republic,27/12/2020,165940,905
DOM,North America,Dominican Republic,28/12/2020,166764,824
DOM,North America,Dominican Republic,29/12/2020,167405,641
DOM,North America,Dominican Republic,30/12/2020,168265,860
DOM,North America,Dominican Republic,31/12/2020,169579,1314
DOM,North America,Dominican Republic,01/01/2021,170785,1206
DOM,North America,Dominican Republic,02/01/2021,172218,1433
DOM,North America,Dominican Republic,03/01/2021,172965,747
DOM,North America,Dominican Republic,04/01/2021,173331,366
DOM,North America,Dominican Republic,05/01/2021,173331,0
DOM,North America,Dominican Republic,06/01/2021,175849,2518
DOM,North America,Dominican Republic,07/01/2021,176378,529
DOM,North America,Dominican Republic,08/01/2021,177493,1115
DOM,North America,Dominican Republic,09/01/2021,178538,1045
DOM,North America,Dominican Republic,10/01/2021,180644,2106
DOM,North America,Dominican Republic,11/01/2021,182103,1459
DOM,North America,Dominican Republic,12/01/2021,183282,1179
DOM,North America,Dominican Republic,13/01/2021,184788,1506
DOM,North America,Dominican Republic,14/01/2021,186383,1595
DOM,North America,Dominican Republic,15/01/2021,187487,1104
DOM,North America,Dominican Republic,16/01/2021,188969,1482
DOM,North America,Dominican Republic,17/01/2021,191339,2370
DOM,North America,Dominican Republic,18/01/2021,193118,1779
DOM,North America,Dominican Republic,19/01/2021,194966,1848
DOM,North America,Dominican Republic,20/01/2021,196591,1625
DOM,North America,Dominican Republic,21/01/2021,198123,1532
DOM,North America,Dominican Republic,22/01/2021,199672,1549
DOM,North America,Dominican Republic,23/01/2021,201145,1473
DOM,North America,Dominican Republic,24/01/2021,202507,1362
DOM,North America,Dominican Republic,25/01/2021,203946,1439
DOM,North America,Dominican Republic,26/01/2021,205162,1216
DOM,North America,Dominican Republic,27/01/2021,206305,1143
DOM,North America,Dominican Republic,28/01/2021,207455,1150
DOM,North America,Dominican Republic,29/01/2021,208610,1155
DOM,North America,Dominican Republic,30/01/2021,210412,1802
DOM,North America,Dominican Republic,31/01/2021,212553,2141
DOM,North America,Dominican Republic,01/02/2021,214060,1507
DOM,North America,Dominican Republic,02/02/2021,215086,1026
DOM,North America,Dominican Republic,03/02/2021,215920,834
DOM,North America,Dominican Republic,04/02/2021,217277,1357
DOM,North America,Dominican Republic,05/02/2021,218948,1671
DOM,North America,Dominican Republic,06/02/2021,220426,1478
DOM,North America,Dominican Republic,07/02/2021,222148,1722
DOM,North America,Dominican Republic,08/02/2021,223398,1250
DOM,North America,Dominican Republic,09/02/2021,224119,721
DOM,North America,Dominican Republic,10/02/2021,224538,419
DOM,North America,Dominican Republic,11/02/2021,225472,934
DOM,North America,Dominican Republic,12/02/2021,226714,1242
DOM,North America,Dominican Republic,13/02/2021,227764,1050
DOM,North America,Dominican Republic,14/02/2021,228895,1131
DOM,North America,Dominican Republic,15/02/2021,229768,873
DOM,North America,Dominican Republic,16/02/2021,230563,795
DOM,North America,Dominican Republic,17/02/2021,231095,532
DOM,North America,Dominican Republic,18/02/2021,231737,642
DOM,North America,Dominican Republic,19/02/2021,232780,1043
DOM,North America,Dominican Republic,20/02/2021,233598,818
DOM,North America,Dominican Republic,21/02/2021,234502,904
DOM,North America,Dominican Republic,22/02/2021,235462,960
DOM,North America,Dominican Republic,23/02/2021,235882,420
DOM,North America,Dominican Republic,24/02/2021,236210,328
DOM,North America,Dominican Republic,25/02/2021,236883,673
DOM,North America,Dominican Republic,26/02/2021,237629,746
DOM,North America,Dominican Republic,27/02/2021,238205,576
DOM,North America,Dominican Republic,28/02/2021,239009,804
DOM,North America,Dominican Republic,01/03/2021,239617,608
DOM,North America,Dominican Republic,02/03/2021,239998,381
DOM,North America,Dominican Republic,03/03/2021,240201,203
DOM,North America,Dominican Republic,04/03/2021,240773,572
DOM,North America,Dominican Republic,05/03/2021,241392,619
DOM,North America,Dominican Republic,06/03/2021,242087,695
DOM,North America,Dominican Republic,07/03/2021,242660,573
DOM,North America,Dominican Republic,08/03/2021,243247,587
DOM,North America,Dominican Republic,09/03/2021,243526,279
DOM,North America,Dominican Republic,10/03/2021,243778,252
DOM,North America,Dominican Republic,11/03/2021,244168,390
DOM,North America,Dominican Republic,12/03/2021,244923,755
DOM,North America,Dominican Republic,13/03/2021,245452,529
DOM,North America,Dominican Republic,14/03/2021,245616,164
DOM,North America,Dominican Republic,15/03/2021,246045,429
DOM,North America,Dominican Republic,16/03/2021,246299,254
DOM,North America,Dominican Republic,17/03/2021,246794,495
DOM,North America,Dominican Republic,18/03/2021,247364,570
DOM,North America,Dominican Republic,19/03/2021,247979,615
DOM,North America,Dominican Republic,20/03/2021,248502,523
DOM,North America,Dominican Republic,21/03/2021,248989,487
DOM,North America,Dominican Republic,22/03/2021,249463,474
DOM,North America,Dominican Republic,23/03/2021,249776,313
DOM,North America,Dominican Republic,24/03/2021,250177,401
DOM,North America,Dominican Republic,25/03/2021,250579,402
DOM,North America,Dominican Republic,26/03/2021,250968,389
DOM,North America,Dominican Republic,27/03/2021,251332,364
DOM,North America,Dominican Republic,28/03/2021,251582,250
DOM,North America,Dominican Republic,29/03/2021,251983,401
DOM,North America,Dominican Republic,30/03/2021,252182,199
DOM,North America,Dominican Republic,31/03/2021,252384,202
DOM,North America,Dominican Republic,01/04/2021,252727,343
DOM,North America,Dominican Republic,02/04/2021,253196,469
DOM,North America,Dominican Republic,03/04/2021,253781,585
DOM,North America,Dominican Republic,04/04/2021,253781,0
DOM,North America,Dominican Republic,05/04/2021,254295,514
DOM,North America,Dominican Republic,06/04/2021,254435,140
DOM,North America,Dominican Republic,07/04/2021,254603,168
DOM,North America,Dominican Republic,08/04/2021,254937,334
DOM,North America,Dominican Republic,09/04/2021,256031,1094
DOM,North America,Dominican Republic,10/04/2021,256563,532
DOM,North America,Dominican Republic,11/04/2021,257186,623
DOM,North America,Dominican Republic,12/04/2021,257698,512
DOM,North America,Dominican Republic,13/04/2021,258039,341
DOM,North America,Dominican Republic,14/04/2021,258637,598
DOM,North America,Dominican Republic,15/04/2021,259260,623
DOM,North America,Dominican Republic,16/04/2021,259639,379
DOM,North America,Dominican Republic,17/04/2021,260133,494
DOM,North America,Dominican Republic,18/04/2021,260627,494
DOM,North America,Dominican Republic,19/04/2021,261129,502
DOM,North America,Dominican Republic,20/04/2021,261531,402
DOM,North America,Dominican Republic,21/04/2021,261848,317
DOM,North America,Dominican Republic,22/04/2021,262404,556
DOM,North America,Dominican Republic,23/04/2021,262935,531
DOM,North America,Dominican Republic,24/04/2021,263470,535
DOM,North America,Dominican Republic,25/04/2021,263944,474
DOM,North America,Dominican Republic,26/04/2021,264863,919
DOM,North America,Dominican Republic,27/04/2021,265403,540
DOM,North America,Dominican Republic,28/04/2021,265481,78
DOM,North America,Dominican Republic,29/04/2021,265819,338
DOM,North America,Dominican Republic,30/04/2021,266214,395
DOM,North America,Dominican Republic,01/05/2021,266561,347
DOM,North America,Dominican Republic,02/05/2021,266861,300
DOM,North America,Dominican Republic,03/05/2021,267455,594
DOM,North America,Dominican Republic,04/05/2021,267681,226
DOM,North America,Dominican Republic,05/05/2021,268070,389
DOM,North America,Dominican Republic,06/05/2021,268561,491
DOM,North America,Dominican Republic,07/05/2021,269184,623
DOM,North America,Dominican Republic,08/05/2021,269958,774
DOM,North America,Dominican Republic,09/05/2021,270600,642
DOM,North America,Dominican Republic,10/05/2021,270600,0
DOM,North America,Dominican Republic,11/05/2021,272108,1508
DOM,North America,Dominican Republic,12/05/2021,272809,701
DOM,North America,Dominican Republic,13/05/2021,273497,688
DOM,North America,Dominican Republic,14/05/2021,274319,822
DOM,North America,Dominican Republic,15/05/2021,275378,1059
DOM,North America,Dominican Republic,16/05/2021,276272,894
DOM,North America,Dominican Republic,17/05/2021,277188,916
DOM,North America,Dominican Republic,18/05/2021,277919,731
DOM,North America,Dominican Republic,19/05/2021,278549,630
DOM,North America,Dominican Republic,20/05/2021,279565,1016
DOM,North America,Dominican Republic,21/05/2021,280994,1429
DOM,North America,Dominican Republic,22/05/2021,281630,636
DOM,North America,Dominican Republic,23/05/2021,282685,1055
DOM,North America,Dominican Republic,24/05/2021,283729,1044
DOM,North America,Dominican Republic,25/05/2021,284567,838
DOM,North America,Dominican Republic,26/05/2021,285211,644
DOM,North America,Dominican Republic,27/05/2021,286269,1058
DOM,North America,Dominican Republic,28/05/2021,288034,1765
DOM,North America,Dominican Republic,29/05/2021,289288,1254
DOM,North America,Dominican Republic,30/05/2021,290526,1238
DOM,North America,Dominican Republic,31/05/2021,291910,1384
DOM,North America,Dominican Republic,01/06/2021,292786,876
DOM,North America,Dominican Republic,02/06/2021,294021,1235
DOM,North America,Dominican Republic,03/06/2021,295680,1659
DOM,North America,Dominican Republic,04/06/2021,297119,1439
DOM,North America,Dominican Republic,05/06/2021,298414,1295
DOM,North America,Dominican Republic,06/06/2021,299681,1267
DOM,North America,Dominican Republic,07/06/2021,301078,1397
DOM,North America,Dominican Republic,08/06/2021,301984,906
DOM,North America,Dominican Republic,09/06/2021,302988,1004
DOM,North America,Dominican Republic,10/06/2021,304428,1440
DOM,North America,Dominican Republic,11/06/2021,305569,1141
DOM,North America,Dominican Republic,12/06/2021,306698,1129
DOM,North America,Dominican Republic,13/06/2021,307847,1149
DOM,North America,Dominican Republic,14/06/2021,308650,803
DOM,North America,Dominican Republic,15/06/2021,309477,827
DOM,North America,Dominican Republic,16/06/2021,310391,914
DOM,North America,Dominican Republic,17/06/2021,311833,1442
DOM,North America,Dominican Republic,18/06/2021,312815,982
DOM,North America,Dominican Republic,19/06/2021,314031,1216
DOM,North America,Dominican Republic,20/06/2021,315815,1784
DOM,North America,Dominican Republic,21/06/2021,316787,972
DOM,North America,Dominican Republic,22/06/2021,317645,858
DOM,North America,Dominican Republic,23/06/2021,318368,723
DOM,North America,Dominican Republic,24/06/2021,319254,886
DOM,North America,Dominican Republic,25/06/2021,320136,882
DOM,North America,Dominican Republic,26/06/2021,321073,937
DOM,North America,Dominican Republic,27/06/2021,322071,998
DOM,North America,Dominican Republic,28/06/2021,322778,707
DOM,North America,Dominican Republic,29/06/2021,323650,872
DOM,North America,Dominican Republic,30/06/2021,324364,714
DOM,North America,Dominican Republic,01/07/2021,325221,857
DOM,North America,Dominican Republic,02/07/2021,326193,972
DOM,North America,Dominican Republic,03/07/2021,327561,1368
DOM,North America,Dominican Republic,04/07/2021,328376,815
DOM,North America,Dominican Republic,05/07/2021,328942,566
DOM,North America,Dominican Republic,06/07/2021,329531,589
DOM,North America,Dominican Republic,07/07/2021,330244,713
DOM,North America,Dominican Republic,08/07/2021,330941,697
DOM,North America,Dominican Republic,09/07/2021,331826,885
DOM,North America,Dominican Republic,10/07/2021,332384,558
DOM,North America,Dominican Republic,11/07/2021,333053,669
DOM,North America,Dominican Republic,12/07/2021,333681,628
DOM,North America,Dominican Republic,13/07/2021,334544,863
DOM,North America,Dominican Republic,14/07/2021,335079,535
DOM,North America,Dominican Republic,15/07/2021,335609,530
DOM,North America,Dominican Republic,16/07/2021,336144,535
DOM,North America,Dominican Republic,17/07/2021,336693,549
DOM,North America,Dominican Republic,18/07/2021,337147,454
DOM,North America,Dominican Republic,19/07/2021,337575,428
DOM,North America,Dominican Republic,20/07/2021,337738,163
DOM,North America,Dominican Republic,21/07/2021,337975,237
DOM,North America,Dominican Republic,22/07/2021,338291,316
DOM,North America,Dominican Republic,23/07/2021,338902,611
DOM,North America,Dominican Republic,24/07/2021,339302,400
DOM,North America,Dominican Republic,25/07/2021,339669,367
DOM,North America,Dominican Republic,26/07/2021,340053,384
DOM,North America,Dominican Republic,27/07/2021,340230,177
DOM,North America,Dominican Republic,28/07/2021,340498,268
DOM,North America,Dominican Republic,29/07/2021,340814,316
DOM,North America,Dominican Republic,30/07/2021,341179,365
DOM,North America,Dominican Republic,31/07/2021,341510,331
DOM,North America,Dominican Republic,01/08/2021,341905,395
DOM,North America,Dominican Republic,02/08/2021,342267,362
DOM,North America,Dominican Republic,03/08/2021,342660,393
DOM,North America,Dominican Republic,04/08/2021,342850,190
DOM,North America,Dominican Republic,05/08/2021,343186,336
DOM,North America,Dominican Republic,06/08/2021,343512,326
DOM,North America,Dominican Republic,07/08/2021,343829,317
DOM,North America,Dominican Republic,08/08/2021,344151,322
DOM,North America,Dominican Republic,09/08/2021,344495,344
DOM,North America,Dominican Republic,10/08/2021,344625,130
DOM,North America,Dominican Republic,11/08/2021,344836,211
DOM,North America,Dominican Republic,12/08/2021,345118,282
DOM,North America,Dominican Republic,13/08/2021,345325,207
DOM,North America,Dominican Republic,14/08/2021,345637,312
DOM,North America,Dominican Republic,15/08/2021,345960,323
DOM,North America,Dominican Republic,16/08/2021,346176,216
DOM,North America,Dominican Republic,17/08/2021,346459,283
DOM,North America,Dominican Republic,18/08/2021,346510,51
DOM,North America,Dominican Republic,19/08/2021,346693,183
DOM,North America,Dominican Republic,20/08/2021,346997,304
DOM,North America,Dominican Republic,21/08/2021,347370,373
DOM,North America,Dominican Republic,22/08/2021,347637,267
DOM,North America,Dominican Republic,23/08/2021,347835,198
DOM,North America,Dominican Republic,24/08/2021,348026,191
DOM,North America,Dominican Republic,25/08/2021,348249,223
DOM,North America,Dominican Republic,26/08/2021,348566,317
DOM,North America,Dominican Republic,27/08/2021,348915,349
DOM,North America,Dominican Republic,28/08/2021,349253,338
DOM,North America,Dominican Republic,29/08/2021,349620,367
DOM,North America,Dominican Republic,30/08/2021,349859,239
DOM,North America,Dominican Republic,31/08/2021,350017,158
DOM,North America,Dominican Republic,01/09/2021,350173,156
DOM,North America,Dominican Republic,02/09/2021,350468,295
DOM,North America,Dominican Republic,03/09/2021,350789,321
DOM,North America,Dominican Republic,04/09/2021,351200,411
DOM,North America,Dominican Republic,05/09/2021,351453,253
DOM,North America,Dominican Republic,06/09/2021,351738,285
DOM,North America,Dominican Republic,07/09/2021,351894,156
DOM,North America,Dominican Republic,08/09/2021,352009,115
DOM,North America,Dominican Republic,09/09/2021,352201,192
DOM,North America,Dominican Republic,10/09/2021,352441,240
DOM,North America,Dominican Republic,11/09/2021,352762,321
DOM,North America,Dominican Republic,12/09/2021,353071,309
DOM,North America,Dominican Republic,13/09/2021,353303,232
DOM,North America,Dominican Republic,14/09/2021,353542,239
DOM,North America,Dominican Republic,15/09/2021,353887,345
DOM,North America,Dominican Republic,16/09/2021,354169,282
DOM,North America,Dominican Republic,17/09/2021,354443,274
DOM,North America,Dominican Republic,18/09/2021,354716,273
DOM,North America,Dominican Republic,19/09/2021,355013,297
DOM,North America,Dominican Republic,20/09/2021,355150,137
DOM,North America,Dominican Republic,21/09/2021,355378,228
DOM,North America,Dominican Republic,22/09/2021,355721,343
DOM,North America,Dominican Republic,23/09/2021,356042,321
DOM,North America,Dominican Republic,24/09/2021,356321,279
DOM,North America,Dominican Republic,25/09/2021,356694,373
DOM,North America,Dominican Republic,26/09/2021,356934,240
DOM,North America,Dominican Republic,27/09/2021,357149,215
DOM,North America,Dominican Republic,28/09/2021,357517,368
DOM,North America,Dominican Republic,29/09/2021,357982,465
DOM,North America,Dominican Republic,30/09/2021,357982,0
DOM,North America,Dominican Republic,01/10/2021,358455,473
DOM,North America,Dominican Republic,02/10/2021,359597,1142
DOM,North America,Dominican Republic,03/10/2021,360257,660
DOM,North America,Dominican Republic,04/10/2021,360830,573
DOM,North America,Dominican Republic,05/10/2021,361402,572
DOM,North America,Dominican Republic,06/10/2021,362103,701
DOM,North America,Dominican Republic,07/10/2021,362849,746
DOM,North America,Dominican Republic,08/10/2021,363735,886
DOM,North America,Dominican Republic,09/10/2021,364252,517
DOM,North America,Dominican Republic,10/10/2021,365063,811
DOM,North America,Dominican Republic,11/10/2021,365558,495
DOM,North America,Dominican Republic,12/10/2021,366191,633
DOM,North America,Dominican Republic,13/10/2021,366711,520
DOM,North America,Dominican Republic,14/10/2021,367379,668
DOM,North America,Dominican Republic,15/10/2021,368131,752
DOM,North America,Dominican Republic,16/10/2021,368830,699
DOM,North America,Dominican Republic,17/10/2021,369700,870
DOM,North America,Dominican Republic,18/10/2021,370451,751
DOM,North America,Dominican Republic,19/10/2021,371447,996
DOM,North America,Dominican Republic,20/10/2021,372077,630
DOM,North America,Dominican Republic,21/10/2021,373040,963
DOM,North America,Dominican Republic,22/10/2021,373929,889
DOM,North America,Dominican Republic,23/10/2021,374722,793
DOM,North America,Dominican Republic,24/10/2021,375545,823
DOM,North America,Dominican Republic,25/10/2021,376272,727
DOM,North America,Dominican Republic,26/10/2021,376736,464
DOM,North America,Dominican Republic,27/10/2021,377385,649
DOM,North America,Dominican Republic,28/10/2021,378234,849
DOM,North America,Dominican Republic,29/10/2021,379336,1102
DOM,North America,Dominican Republic,30/10/2021,380215,879
DOM,North America,Dominican Republic,31/10/2021,380974,759
DOM,North America,Dominican Republic,01/11/2021,381667,693
DOM,North America,Dominican Republic,02/11/2021,382476,809
DOM,North America,Dominican Republic,03/11/2021,383317,841
DOM,North America,Dominican Republic,04/11/2021,384208,891
DOM,North America,Dominican Republic,05/11/2021,385181,973
DOM,North America,Dominican Republic,06/11/2021,386285,1104
DOM,North America,Dominican Republic,07/11/2021,387269,984
DOM,North America,Dominican Republic,08/11/2021,388165,896
DOM,North America,Dominican Republic,09/11/2021,389090,925
DOM,North America,Dominican Republic,10/11/2021,390058,968
DOM,North America,Dominican Republic,11/11/2021,391104,1046
DOM,North America,Dominican Republic,12/11/2021,392223,1119
DOM,North America,Dominican Republic,13/11/2021,393383,1160
DOM,North America,Dominican Republic,14/11/2021,394608,1225
DOM,North America,Dominican Republic,15/11/2021,395856,1248
DOM,North America,Dominican Republic,16/11/2021,397016,1160
DOM,North America,Dominican Republic,17/11/2021,398018,1002
DOM,North America,Dominican Republic,18/11/2021,398880,862
DOM,North America,Dominican Republic,19/11/2021,399773,893
DOM,North America,Dominican Republic,20/11/2021,400846,1073
DOM,North America,Dominican Republic,21/11/2021,401914,1068
DOM,North America,Dominican Republic,22/11/2021,402731,817
DOM,North America,Dominican Republic,23/11/2021,403438,707
DOM,North America,Dominican Republic,24/11/2021,404284,846
DOM,North America,Dominican Republic,25/11/2021,404754,470
DOM,North America,Dominican Republic,26/11/2021,405513,759
DOM,North America,Dominican Republic,27/11/2021,406021,508
DOM,North America,Dominican Republic,28/11/2021,406511,490
DOM,North America,Dominican Republic,29/11/2021,406803,292
DOM,North America,Dominican Republic,30/11/2021,407113,310
DOM,North America,Dominican Republic,01/12/2021,407251,138
DOM,North America,Dominican Republic,02/12/2021,407474,223
DOM,North America,Dominican Republic,03/12/2021,407629,155
DOM,North America,Dominican Republic,04/12/2021,407918,289
DOM,North America,Dominican Republic,05/12/2021,408245,327
DOM,North America,Dominican Republic,06/12/2021,408516,271
DOM,North America,Dominican Republic,07/12/2021,408748,232
DOM,North America,Dominican Republic,08/12/2021,409002,254
DOM,North America,Dominican Republic,09/12/2021,409002,0
DOM,North America,Dominican Republic,10/12/2021,409490,488
DOM,North America,Dominican Republic,11/12/2021,409862,372
DOM,North America,Dominican Republic,12/12/2021,410087,225
DOM,North America,Dominican Republic,13/12/2021,410265,178
DOM,North America,Dominican Republic,14/12/2021,410412,147
DOM,North America,Dominican Republic,15/12/2021,410720,308
DOM,North America,Dominican Republic,16/12/2021,410926,206
DOM,North America,Dominican Republic,17/12/2021,411014,88
DOM,North America,Dominican Republic,18/12/2021,411266,252
DOM,North America,Dominican Republic,19/12/2021,411266,0
DOM,North America,Dominican Republic,20/12/2021,411449,183
DOM,North America,Dominican Republic,21/12/2021,411883,434
DOM,North America,Dominican Republic,22/12/2021,412022,139
DOM,North America,Dominican Republic,23/12/2021,412263,241
DOM,North America,Dominican Republic,24/12/2021,412685,422
DOM,North America,Dominican Republic,25/12/2021,413191,506
DOM,North America,Dominican Republic,26/12/2021,413887,696
DOM,North America,Dominican Republic,27/12/2021,414226,339
DOM,North America,Dominican Republic,28/12/2021,414704,478
DOM,North America,Dominican Republic,29/12/2021,415359,655
DOM,North America,Dominican Republic,30/12/2021,416270,911
DOM,North America,Dominican Republic,31/12/2021,417268,998
DOM,North America,Dominican Republic,01/01/2022,418778,1510
DOM,North America,Dominican Republic,02/01/2022,419927,1149
DOM,North America,Dominican Republic,03/01/2022,421953,2026
DOM,North America,Dominican Republic,04/01/2022,424809,2856
DOM,North America,Dominican Republic,05/01/2022,428509,3700
DOM,North America,Dominican Republic,06/01/2022,433710,5201
DOM,North America,Dominican Republic,07/01/2022,439017,5307
DOM,North America,Dominican Republic,08/01/2022,444985,5968
DOM,North America,Dominican Republic,09/01/2022,451185,6200
DOM,North America,Dominican Republic,10/01/2022,457227,6042
DOM,North America,Dominican Republic,11/01/2022,462382,5155
DOM,North America,Dominican Republic,12/01/2022,469065,6683
DOM,North America,Dominican Republic,13/01/2022,476504,7439
DOM,North America,Dominican Republic,14/01/2022,482457,5953
DOM,North America,Dominican Republic,15/01/2022,489631,7174
DOM,North America,Dominican Republic,16/01/2022,494595,4964
DOM,North America,Dominican Republic,17/01/2022,498583,3988
DOM,North America,Dominican Republic,18/01/2022,504914,6331
DOM,North America,Dominican Republic,19/01/2022,510458,5544
DOM,North America,Dominican Republic,20/01/2022,517611,7153
DOM,North America,Dominican Republic,21/01/2022,524635,7024
DOM,North America,Dominican Republic,22/01/2022,530998,6363
DOM,North America,Dominican Republic,23/01/2022,536767,5769
DOM,North America,Dominican Republic,24/01/2022,539580,2813
DOM,North America,Dominican Republic,25/01/2022,542056,2476
DOM,North America,Dominican Republic,26/01/2022,542056,0
DOM,North America,Dominican Republic,27/01/2022,547091,5035
DOM,North America,Dominican Republic,28/01/2022,550020,2929
DOM,North America,Dominican Republic,29/01/2022,551528,1508
DOM,North America,Dominican Republic,30/01/2022,552831,1303
DOM,North America,Dominican Republic,31/01/2022,554052,1221
DOM,North America,Dominican Republic,01/02/2022,555245,1193
DOM,North America,Dominican Republic,02/02/2022,556520,1275
DOM,North America,Dominican Republic,03/02/2022,557919,1399
DOM,North America,Dominican Republic,04/02/2022,558936,1017
DOM,North America,Dominican Republic,05/02/2022,558936,0
DOM,North America,Dominican Republic,06/02/2022,561657,2721
DOM,North America,Dominican Republic,07/02/2022,562613,956
DOM,North America,Dominican Republic,08/02/2022,563657,1044
DOM,North America,Dominican Republic,09/02/2022,564467,810
DOM,North America,Dominican Republic,10/02/2022,565862,1395
DOM,North America,Dominican Republic,11/02/2022,567085,1223
DOM,North America,Dominican Republic,12/02/2022,567895,810
DOM,North America,Dominican Republic,13/02/2022,569024,1129
DOM,North America,Dominican Republic,14/02/2022,569446,422
DOM,North America,Dominican Republic,15/02/2022,569446,0
DOM,North America,Dominican Republic,16/02/2022,570236,790
DOM,North America,Dominican Republic,17/02/2022,570636,400
DOM,North America,Dominican Republic,18/02/2022,570889,253
DOM,North America,Dominican Republic,19/02/2022,571200,311
DOM,North America,Dominican Republic,20/02/2022,571552,352
DOM,North America,Dominican Republic,21/02/2022,571856,304
DOM,North America,Dominican Republic,22/02/2022,572290,434
DOM,North America,Dominican Republic,23/02/2022,572596,306
DOM,North America,Dominican Republic,24/02/2022,573036,440
DOM,North America,Dominican Republic,25/02/2022,573458,422
DOM,North America,Dominican Republic,26/02/2022,573776,318
DOM,North America,Dominican Republic,27/02/2022,574071,295
DOM,North America,Dominican Republic,28/02/2022,574292,221
DOM,North America,Dominican Republic,01/03/2022,574556,264
DOM,North America,Dominican Republic,02/03/2022,574912,356
DOM,North America,Dominican Republic,03/03/2022,575157,245
DOM,North America,Dominican Republic,04/03/2022,575436,279
DOM,North America,Dominican Republic,05/03/2022,575592,156
DOM,North America,Dominican Republic,06/03/2022,575883,291
DOM,North America,Dominican Republic,07/03/2022,575949,66
DOM,North America,Dominican Republic,08/03/2022,576003,54
DOM,North America,Dominican Republic,09/03/2022,576003,0
DOM,North America,Dominican Republic,10/03/2022,576220,217
DOM,North America,Dominican Republic,11/03/2022,576301,81
DOM,North America,Dominican Republic,12/03/2022,576367,66
DOM,North America,Dominican Republic,13/03/2022,576367,0
DOM,North America,Dominican Republic,14/03/2022,576367,0
DOM,North America,Dominican Republic,15/03/2022,576698,331
DOM,North America,Dominican Republic,16/03/2022,576788,90
DOM,North America,Dominican Republic,17/03/2022,576904,116
DOM,North America,Dominican Republic,18/03/2022,577070,166
DOM,North America,Dominican Republic,19/03/2022,577241,171
DOM,North America,Dominican Republic,20/03/2022,577317,76
DOM,North America,Dominican Republic,21/03/2022,577338,21
DOM,North America,Dominican Republic,22/03/2022,577354,16
DOM,North America,Dominican Republic,23/03/2022,577476,122
DOM,North America,Dominican Republic,24/03/2022,577476,0
DOM,North America,Dominican Republic,25/03/2022,577581,105
DOM,North America,Dominican Republic,26/03/2022,577741,160
DOM,North America,Dominican Republic,27/03/2022,577841,100
DOM,North America,Dominican Republic,28/03/2022,577880,39
DOM,North America,Dominican Republic,29/03/2022,577910,30
DOM,North America,Dominican Republic,30/03/2022,577982,72
DOM,North America,Dominican Republic,31/03/2022,578020,38
DOM,North America,Dominican Republic,01/04/2022,578038,18
DOM,North America,Dominican Republic,02/04/2022,578130,92
DOM,North America,Dominican Republic,03/04/2022,578179,49
DOM,North America,Dominican Republic,04/04/2022,578209,30
DOM,North America,Dominican Republic,05/04/2022,578253,44
DOM,North America,Dominican Republic,06/04/2022,578319,66
DOM,North America,Dominican Republic,07/04/2022,578377,58
DOM,North America,Dominican Republic,08/04/2022,578416,39
DOM,North America,Dominican Republic,09/04/2022,578416,0
DOM,North America,Dominican Republic,10/04/2022,578484,68
DOM,North America,Dominican Republic,11/04/2022,578556,72
DOM,North America,Dominican Republic,12/04/2022,578570,14
DOM,North America,Dominican Republic,13/04/2022,578626,56
DOM,North America,Dominican Republic,14/04/2022,578663,37
DOM,North America,Dominican Republic,15/04/2022,578705,42
DOM,North America,Dominican Republic,16/04/2022,578733,28
DOM,North America,Dominican Republic,17/04/2022,578745,12
DOM,North America,Dominican Republic,18/04/2022,578774,29
DOM,North America,Dominican Republic,19/04/2022,578789,15
DOM,North America,Dominican Republic,20/04/2022,578843,54
DOM,North America,Dominican Republic,21/04/2022,578885,42
DOM,North America,Dominican Republic,22/04/2022,578954,69
DOM,North America,Dominican Republic,23/04/2022,579025,71
DOM,North America,Dominican Republic,24/04/2022,579079,54
DOM,North America,Dominican Republic,25/04/2022,579141,62
DOM,North America,Dominican Republic,26/04/2022,579204,63
DOM,North America,Dominican Republic,27/04/2022,579248,44
DOM,North America,Dominican Republic,28/04/2022,579248,0
DOM,North America,Dominican Republic,29/04/2022,579314,66
DOM,North America,Dominican Republic,30/04/2022,579379,65
DOM,North America,Dominican Republic,01/05/2022,579443,64
DOM,North America,Dominican Republic,02/05/2022,579465,22
DOM,North America,Dominican Republic,03/05/2022,579520,55
DOM,North America,Dominican Republic,04/05/2022,579572,52
DOM,North America,Dominican Republic,05/05/2022,579636,64
DOM,North America,Dominican Republic,06/05/2022,579676,40
DOM,North America,Dominican Republic,07/05/2022,579743,67
DOM,North America,Dominican Republic,08/05/2022,579807,64
DOM,North America,Dominican Republic,09/05/2022,579933,126
DOM,North America,Dominican Republic,10/05/2022,580020,87
DOM,North America,Dominican Republic,11/05/2022,580099,79
DOM,North America,Dominican Republic,12/05/2022,580201,102
DOM,North America,Dominican Republic,13/05/2022,580273,72
DOM,North America,Dominican Republic,14/05/2022,580336,63
DOM,North America,Dominican Republic,15/05/2022,580412,76
DOM,North America,Dominican Republic,16/05/2022,580554,142
DOM,North America,Dominican Republic,17/05/2022,580661,107
DOM,North America,Dominican Republic,18/05/2022,580791,130
DOM,North America,Dominican Republic,19/05/2022,580954,163
DOM,North America,Dominican Republic,20/05/2022,581044,90
DOM,North America,Dominican Republic,21/05/2022,581153,109
DOM,North America,Dominican Republic,22/05/2022,581250,97
DOM,North America,Dominican Republic,23/05/2022,581351,101
DOM,North America,Dominican Republic,24/05/2022,581464,113
DOM,North America,Dominican Republic,25/05/2022,581647,183
DOM,North America,Dominican Republic,26/05/2022,581869,222
DOM,North America,Dominican Republic,27/05/2022,581869,0
DOM,North America,Dominican Republic,28/05/2022,582693,824
DOM,North America,Dominican Republic,29/05/2022,583159,466
DOM,North America,Dominican Republic,30/05/2022,583423,264
DOM,North America,Dominican Republic,31/05/2022,583722,299
DOM,North America,Dominican Republic,01/06/2022,584029,307
DOM,North America,Dominican Republic,02/06/2022,584526,497
DOM,North America,Dominican Republic,03/06/2022,585084,558
DOM,North America,Dominican Republic,04/06/2022,585567,483
DOM,North America,Dominican Republic,05/06/2022,586099,532
DOM,North America,Dominican Republic,06/06/2022,586926,827
DOM,North America,Dominican Republic,07/06/2022,587578,652
DOM,North America,Dominican Republic,08/06/2022,588408,830
DOM,North America,Dominican Republic,09/06/2022,588408,0
DOM,North America,Dominican Republic,10/06/2022,589521,1113
DOM,North America,Dominican Republic,11/06/2022,590058,537
DOM,North America,Dominican Republic,12/06/2022,590764,706
DOM,North America,Dominican Republic,13/06/2022,591682,918
DOM,North America,Dominican Republic,14/06/2022,592578,896
DOM,North America,Dominican Republic,15/06/2022,592578,0
DOM,North America,Dominican Republic,16/06/2022,594061,1483
DOM,North America,Dominican Republic,17/06/2022,594964,903
DOM,North America,Dominican Republic,18/06/2022,595927,963
DOM,North America,Dominican Republic,19/06/2022,596682,755
DOM,North America,Dominican Republic,20/06/2022,597476,794
DOM,North America,Dominican Republic,21/06/2022,598079,603
DOM,North America,Dominican Republic,22/06/2022,598594,515
DOM,North America,Dominican Republic,23/06/2022,599469,875
DOM,North America,Dominican Republic,24/06/2022,599469,0
DOM,North America,Dominican Republic,25/06/2022,601372,1903
DOM,North America,Dominican Republic,26/06/2022,602354,982
DOM,North America,Dominican Republic,27/06/2022,603256,902
DOM,North America,Dominican Republic,28/06/2022,604198,942
DOM,North America,Dominican Republic,29/06/2022,604770,572
DOM,North America,Dominican Republic,30/06/2022,605784,1014
DOM,North America,Dominican Republic,01/07/2022,606812,1028
DOM,North America,Dominican Republic,02/07/2022,608176,1364
DOM,North America,Dominican Republic,03/07/2022,609390,1214
DOM,North America,Dominican Republic,04/07/2022,610707,1317
DOM,North America,Dominican Republic,05/07/2022,611581,874
DOM,North America,Dominican Republic,06/07/2022,612548,967
DOM,North America,Dominican Republic,07/07/2022,613628,1080
DOM,North America,Dominican Republic,08/07/2022,614707,1079
DOM,North America,Dominican Republic,09/07/2022,614707,0
DOM,North America,Dominican Republic,10/07/2022,617653,2946
DOM,North America,Dominican Republic,11/07/2022,617778,125
DOM,North America,Dominican Republic,12/07/2022,617778,0
DOM,North America,Dominican Republic,13/07/2022,619501,1723
DOM,North America,Dominican Republic,14/07/2022,619501,0
DOM,North America,Dominican Republic,15/07/2022,621047,1546
DOM,North America,Dominican Republic,16/07/2022,621543,496
DOM,North America,Dominican Republic,17/07/2022,621936,393
DOM,North America,Dominican Republic,18/07/2022,622432,496
DOM,North America,Dominican Republic,19/07/2022,623105,673
DOM,North America,Dominican Republic,20/07/2022,623706,601
DOM,North America,Dominican Republic,21/07/2022,624167,461
DOM,North America,Dominican Republic,22/07/2022,624624,457
DOM,North America,Dominican Republic,23/07/2022,625156,532
DOM,North America,Dominican Republic,24/07/2022,626030,874
DOM,North America,Dominican Republic,25/07/2022,626384,354
DOM,North America,Dominican Republic,26/07/2022,626384,0
DOM,North America,Dominican Republic,27/07/2022,627025,641
DOM,North America,Dominican Republic,28/07/2022,627460,435
DOM,North America,Dominican Republic,29/07/2022,627460,0
DOM,North America,Dominican Republic,30/07/2022,628213,753
DOM,North America,Dominican Republic,31/07/2022,628725,512
DOM,North America,Dominican Republic,01/08/2022,629291,566
DOM,North America,Dominican Republic,02/08/2022,629643,352
DOM,North America,Dominican Republic,03/08/2022,630419,776
DOM,North America,Dominican Republic,04/08/2022,631040,621
DOM,North America,Dominican Republic,05/08/2022,631603,563
DOM,North America,Dominican Republic,06/08/2022,631603,0
DOM,North America,Dominican Republic,07/08/2022,632655,1052
DOM,North America,Dominican Republic,08/08/2022,632781,126
DOM,North America,Dominican Republic,09/08/2022,632934,153
DOM,North America,Dominican Republic,10/08/2022,633272,338
DOM,North America,Dominican Republic,11/08/2022,633689,417
DOM,North America,Dominican Republic,12/08/2022,634154,465
DOM,North America,Dominican Republic,13/08/2022,634578,424
DOM,North America,Dominican Republic,14/08/2022,634866,288
DOM,North America,Dominican Republic,15/08/2022,635099,233
DOM,North America,Dominican Republic,16/08/2022,635289,190
DOM,North America,Dominican Republic,17/08/2022,635461,172
DOM,North America,Dominican Republic,18/08/2022,635609,148
DOM,North America,Dominican Republic,19/08/2022,635859,250
DOM,North America,Dominican Republic,20/08/2022,636138,279
DOM,North America,Dominican Republic,21/08/2022,636416,278
DOM,North America,Dominican Republic,22/08/2022,636636,220
DOM,North America,Dominican Republic,23/08/2022,636802,166
DOM,North America,Dominican Republic,24/08/2022,637008,206
DOM,North America,Dominican Republic,25/08/2022,637301,293
DOM,North America,Dominican Republic,26/08/2022,637573,272
DOM,North America,Dominican Republic,27/08/2022,637857,284
DOM,North America,Dominican Republic,28/08/2022,638086,229
DOM,North America,Dominican Republic,29/08/2022,638330,244
DOM,North America,Dominican Republic,30/08/2022,638500,170
DOM,North America,Dominican Republic,31/08/2022,638716,216
DOM,North America,Dominican Republic,01/09/2022,639127,411
DOM,North America,Dominican Republic,02/09/2022,639476,349
DOM,North America,Dominican Republic,03/09/2022,639738,262
DOM,North America,Dominican Republic,04/09/2022,640064,326
DOM,North America,Dominican Republic,05/09/2022,640299,235
DOM,North America,Dominican Republic,06/09/2022,640567,268
DOM,North America,Dominican Republic,07/09/2022,640784,217
DOM,North America,Dominican Republic,08/09/2022,641142,358
DOM,North America,Dominican Republic,09/09/2022,641370,228
DOM,North America,Dominican Republic,10/09/2022,641677,307
DOM,North America,Dominican Republic,11/09/2022,641963,286
DOM,North America,Dominican Republic,12/09/2022,642171,208
DOM,North America,Dominican Republic,13/09/2022,642413,242
DOM,North America,Dominican Republic,14/09/2022,642825,412
DOM,North America,Dominican Republic,15/09/2022,643145,320
DOM,North America,Dominican Republic,16/09/2022,643450,305
DOM,North America,Dominican Republic,17/09/2022,643674,224
DOM,North America,Dominican Republic,18/09/2022,644016,342
DOM,North America,Dominican Republic,19/09/2022,644356,340
DOM,North America,Dominican Republic,20/09/2022,644446,90
DOM,North America,Dominican Republic,21/09/2022,644661,215
DOM,North America,Dominican Republic,22/09/2022,644911,250
DOM,North America,Dominican Republic,23/09/2022,645026,115
DOM,North America,Dominican Republic,24/09/2022,645266,240
DOM,North America,Dominican Republic,25/09/2022,645369,103
DOM,North America,Dominican Republic,26/09/2022,645473,104
DOM,North America,Dominican Republic,27/09/2022,645628,155
DOM,North America,Dominican Republic,28/09/2022,645812,184
DOM,North America,Dominican Republic,29/09/2022,645952,140
DOM,North America,Dominican Republic,30/09/2022,646082,130
DOM,North America,Dominican Republic,01/10/2022,646209,127
DOM,North America,Dominican Republic,02/10/2022,646343,134
DOM,North America,Dominican Republic,03/10/2022,646442,99
DOM,North America,Dominican Republic,04/10/2022,646522,80
DOM,North America,Dominican Republic,05/10/2022,646622,100
DOM,North America,Dominican Republic,06/10/2022,646738,116
DOM,North America,Dominican Republic,07/10/2022,646819,81
DOM,North America,Dominican Republic,08/10/2022,646858,39
DOM,North America,Dominican Republic,09/10/2022,646884,26
DOM,North America,Dominican Republic,10/10/2022,646985,101
DOM,North America,Dominican Republic,11/10/2022,647033,48
DOM,North America,Dominican Republic,12/10/2022,647087,54
DOM,North America,Dominican Republic,13/10/2022,647136,49
DOM,North America,Dominican Republic,14/10/2022,647156,20
DOM,North America,Dominican Republic,15/10/2022,647185,29
DOM,North America,Dominican Republic,16/10/2022,647205,20
DOM,North America,Dominican Republic,17/10/2022,647222,17
DOM,North America,Dominican Republic,18/10/2022,647234,12
DOM,North America,Dominican Republic,19/10/2022,647234,0
DOM,North America,Dominican Republic,20/10/2022,647272,38
DOM,North America,Dominican Republic,21/10/2022,647308,36
DOM,North America,Dominican Republic,22/10/2022,647335,27
DOM,North America,Dominican Republic,23/10/2022,647366,31
DOM,North America,Dominican Republic,24/10/2022,647401,35
DOM,North America,Dominican Republic,25/10/2022,647425,24
DOM,North America,Dominican Republic,26/10/2022,647452,27
DOM,North America,Dominican Republic,27/10/2022,647484,32
DOM,North America,Dominican Republic,28/10/2022,647508,24
DOM,North America,Dominican Republic,29/10/2022,647547,39
DOM,North America,Dominican Republic,30/10/2022,647555,8
DOM,North America,Dominican Republic,31/10/2022,647576,21
DOM,North America,Dominican Republic,01/11/2022,647594,18
DOM,North America,Dominican Republic,02/11/2022,647602,8
DOM,North America,Dominican Republic,03/11/2022,647632,30
DOM,North America,Dominican Republic,04/11/2022,647653,21
DOM,North America,Dominican Republic,05/11/2022,647653,0
DOM,North America,Dominican Republic,06/11/2022,647694,41
DOM,North America,Dominican Republic,07/11/2022,647868,174
DOM,North America,Dominican Republic,08/11/2022,647868,0
DOM,North America,Dominican Republic,09/11/2022,647868,0
DOM,North America,Dominican Republic,10/11/2022,647868,0
DOM,North America,Dominican Republic,11/11/2022,647868,0
DOM,North America,Dominican Republic,12/11/2022,647868,0
DOM,North America,Dominican Republic,13/11/2022,647916,48
DOM,North America,Dominican Republic,14/11/2022,647941,25
DOM,North America,Dominican Republic,15/11/2022,647990,49
DOM,North America,Dominican Republic,16/11/2022,648047,57
DOM,North America,Dominican Republic,17/11/2022,648134,87
DOM,North America,Dominican Republic,18/11/2022,648216,82
DOM,North America,Dominican Republic,19/11/2022,648324,108
DOM,North America,Dominican Republic,20/11/2022,648406,82
DOM,North America,Dominican Republic,21/11/2022,648456,50
DOM,North America,Dominican Republic,22/11/2022,648563,107
DOM,North America,Dominican Republic,23/11/2022,648714,151
DOM,North America,Dominican Republic,24/11/2022,648914,200
DOM,North America,Dominican Republic,25/11/2022,648914,0
DOM,North America,Dominican Republic,26/11/2022,649469,555
DOM,North America,Dominican Republic,27/11/2022,649684,215
DOM,North America,Dominican Republic,28/11/2022,649834,150
DOM,North America,Dominican Republic,29/11/2022,650052,218
DOM,North America,Dominican Republic,30/11/2022,650381,329
DOM,North America,Dominican Republic,01/12/2022,650659,278
DOM,North America,Dominican Republic,02/12/2022,650990,331
DOM,North America,Dominican Republic,03/12/2022,651339,349
DOM,North America,Dominican Republic,04/12/2022,651467,128
DOM,North America,Dominican Republic,05/12/2022,651671,204
DOM,North America,Dominican Republic,06/12/2022,651906,235
DOM,North America,Dominican Republic,07/12/2022,652060,154
DOM,North America,Dominican Republic,08/12/2022,652529,469
DOM,North America,Dominican Republic,09/12/2022,652925,396
DOM,North America,Dominican Republic,10/12/2022,653441,516
DOM,North America,Dominican Republic,11/12/2022,653961,520
DOM,North America,Dominican Republic,12/12/2022,654415,454
DOM,North America,Dominican Republic,13/12/2022,654759,344
DOM,North America,Dominican Republic,14/12/2022,655084,325
DOM,North America,Dominican Republic,15/12/2022,655084,0
DOM,North America,Dominican Republic,16/12/2022,655999,915
DOM,North America,Dominican Republic,17/12/2022,656433,434
DOM,North America,Dominican Republic,18/12/2022,656806,373
DOM,North America,Dominican Republic,19/12/2022,657077,271
DOM,North America,Dominican Republic,20/12/2022,657350,273
DOM,North America,Dominican Republic,21/12/2022,657629,279
DOM,North America,Dominican Republic,22/12/2022,658058,429
DOM,North America,Dominican Republic,23/12/2022,658253,195
DOM,North America,Dominican Republic,24/12/2022,658371,118
DOM,North America,Dominican Republic,25/12/2022,658587,216
DOM,North America,Dominican Republic,26/12/2022,658666,79
DOM,North America,Dominican Republic,27/12/2022,658668,2
DOM,North America,Dominican Republic,28/12/2022,658708,40
DOM,North America,Dominican Republic,29/12/2022,658863,155
DOM,North America,Dominican Republic,30/12/2022,658932,69
DOM,North America,Dominican Republic,31/12/2022,659009,77
DOM,North America,Dominican Republic,01/01/2023,659176,167
DOM,North America,Dominican Republic,02/01/2023,659195,19
DOM,North America,Dominican Republic,03/01/2023,659211,16
DOM,North America,Dominican Republic,04/01/2023,659236,25
DOM,North America,Dominican Republic,05/01/2023,659268,32
DOM,North America,Dominican Republic,06/01/2023,659268,0
DOM,North America,Dominican Republic,07/01/2023,659457,189
DOM,North America,Dominican Republic,08/01/2023,659518,61
DOM,North America,Dominican Republic,09/01/2023,659543,25
DOM,North America,Dominican Republic,10/01/2023,659569,26
DOM,North America,Dominican Republic,11/01/2023,659572,3
DOM,North America,Dominican Republic,12/01/2023,659606,34
DOM,North America,Dominican Republic,13/01/2023,659663,57
DOM,North America,Dominican Republic,14/01/2023,659695,32
DOM,North America,Dominican Republic,15/01/2023,659733,38
DOM,North America,Dominican Republic,16/01/2023,659761,28
DOM,North America,Dominican Republic,17/01/2023,659777,16
DOM,North America,Dominican Republic,18/01/2023,659801,24
DOM,North America,Dominican Republic,19/01/2023,659850,49
DOM,North America,Dominican Republic,20/01/2023,659914,64
DOM,North America,Dominican Republic,21/01/2023,659939,25
DOM,North America,Dominican Republic,22/01/2023,659962,23
DOM,North America,Dominican Republic,23/01/2023,659981,19
DOM,North America,Dominican Republic,24/01/2023,659988,7
DOM,North America,Dominican Republic,25/01/2023,660003,15
DOM,North America,Dominican Republic,26/01/2023,660034,31
DOM,North America,Dominican Republic,27/01/2023,660095,61
DOM,North America,Dominican Republic,28/01/2023,660141,46
DOM,North America,Dominican Republic,29/01/2023,660187,46
DOM,North America,Dominican Republic,30/01/2023,660187,0
DOM,North America,Dominican Republic,31/01/2023,660248,61
DOM,North America,Dominican Republic,01/02/2023,660258,10
DOM,North America,Dominican Republic,02/02/2023,660281,23
DOM,North America,Dominican Republic,03/02/2023,660318,37
DOM,North America,Dominican Republic,04/02/2023,660339,21
DOM,North America,Dominican Republic,05/02/2023,660360,21
DOM,North America,Dominican Republic,06/02/2023,660377,17
DOM,North America,Dominican Republic,07/02/2023,660384,7
DOM,North America,Dominican Republic,08/02/2023,660396,12
DOM,North America,Dominican Republic,09/02/2023,660412,16
DOM,North America,Dominican Republic,10/02/2023,660429,17
DOM,North America,Dominican Republic,11/02/2023,660449,20
DOM,North America,Dominican Republic,12/02/2023,660468,19
DOM,North America,Dominican Republic,13/02/2023,660485,17
DOM,North America,Dominican Republic,14/02/2023,660485,0
DOM,North America,Dominican Republic,15/02/2023,660514,29
DOM,North America,Dominican Republic,16/02/2023,660533,19
DOM,North America,Dominican Republic,17/02/2023,660554,21
DOM,North America,Dominican Republic,18/02/2023,660561,7
DOM,North America,Dominican Republic,19/02/2023,660625,64
DOM,North America,Dominican Republic,20/02/2023,660651,26
DOM,North America,Dominican Republic,21/02/2023,660660,9
DOM,North America,Dominican Republic,22/02/2023,660688,28
DOM,North America,Dominican Republic,23/02/2023,660705,17
DOM,North America,Dominican Republic,24/02/2023,660728,23
DOM,North America,Dominican Republic,25/02/2023,660744,16
DOM,North America,Dominican Republic,26/02/2023,660757,13
DOM,North America,Dominican Republic,27/02/2023,660760,3
DOM,North America,Dominican Republic,28/02/2023,660771,11
DOM,North America,Dominican Republic,01/03/2023,660776,5
DOM,North America,Dominican Republic,02/03/2023,660790,14
DOM,North America,Dominican Republic,03/03/2023,660800,10
DOM,North America,Dominican Republic,04/03/2023,660814,14
DOM,North America,Dominican Republic,05/03/2023,660822,8
DOM,North America,Dominican Republic,06/03/2023,660833,11
DOM,North America,Dominican Republic,07/03/2023,660839,6
DOM,North America,Dominican Republic,08/03/2023,660844,5
DOM,North America,Dominican Republic,09/03/2023,660848,4
DOM,North America,Dominican Republic,10/03/2023,660859,11
DOM,North America,Dominican Republic,11/03/2023,660868,9
DOM,North America,Dominican Republic,12/03/2023,660876,8
DOM,North America,Dominican Republic,13/03/2023,660879,3
DOM,North America,Dominican Republic,14/03/2023,660880,1
DOM,North America,Dominican Republic,15/03/2023,660892,12
DOM,North America,Dominican Republic,16/03/2023,660900,8
DOM,North America,Dominican Republic,17/03/2023,660903,3
DOM,North America,Dominican Republic,18/03/2023,660909,6
DOM,North America,Dominican Republic,19/03/2023,660915,6
DOM,North America,Dominican Republic,20/03/2023,660917,2
DOM,North America,Dominican Republic,21/03/2023,660924,7
DOM,North America,Dominican Republic,22/03/2023,660931,7
DOM,North America,Dominican Republic,23/03/2023,660937,6
DOM,North America,Dominican Republic,24/03/2023,660937,0
DOM,North America,Dominican Republic,25/03/2023,660937,0
DOM,North America,Dominican Republic,26/03/2023,660937,0
DOM,North America,Dominican Republic,27/03/2023,660937,0
DOM,North America,Dominican Republic,28/03/2023,660937,0
DOM,North America,Dominican Republic,29/03/2023,660937,0
DOM,North America,Dominican Republic,30/03/2023,660937,0
DOM,North America,Dominican Republic,31/03/2023,660937,0
DOM,North America,Dominican Republic,01/04/2023,660937,0
DOM,North America,Dominican Republic,02/04/2023,660937,0
DOM,North America,Dominican Republic,03/04/2023,660937,0
DOM,North America,Dominican Republic,04/04/2023,660937,0
DOM,North America,Dominican Republic,05/04/2023,660937,0
DOM,North America,Dominican Republic,06/04/2023,660937,0
DOM,North America,Dominican Republic,07/04/2023,660937,0
DOM,North America,Dominican Republic,08/04/2023,660937,0
DOM,North America,Dominican Republic,09/04/2023,660937,0
DOM,North America,Dominican Republic,10/04/2023,660937,0
DOM,North America,Dominican Republic,11/04/2023,660937,0
DOM,North America,Dominican Republic,12/04/2023,660937,0
DOM,North America,Dominican Republic,13/04/2023,660937,0
DOM,North America,Dominican Republic,14/04/2023,660937,0
DOM,North America,Dominican Republic,15/04/2023,660937,0
DOM,North America,Dominican Republic,16/04/2023,660961,24
DOM,North America,Dominican Republic,17/04/2023,660961,0
DOM,North America,Dominican Republic,18/04/2023,660961,0
DOM,North America,Dominican Republic,19/04/2023,660961,0
DOM,North America,Dominican Republic,20/04/2023,660961,0
DOM,North America,Dominican Republic,21/04/2023,660961,0
DOM,North America,Dominican Republic,22/04/2023,660961,0
DOM,North America,Dominican Republic,23/04/2023,661008,47
DOM,North America,Dominican Republic,24/04/2023,661008,0
DOM,North America,Dominican Republic,25/04/2023,661008,0
DOM,North America,Dominican Republic,26/04/2023,661008,0
DOM,North America,Dominican Republic,27/04/2023,661008,0
DOM,North America,Dominican Republic,28/04/2023,661008,0
DOM,North America,Dominican Republic,29/04/2023,661008,0
DOM,North America,Dominican Republic,30/04/2023,661045,37
DOM,North America,Dominican Republic,01/05/2023,661045,0
DOM,North America,Dominican Republic,02/05/2023,661045,0
DOM,North America,Dominican Republic,03/05/2023,661045,0
DOM,North America,Dominican Republic,04/05/2023,661045,0
DOM,North America,Dominican Republic,05/05/2023,661045,0
DOM,North America,Dominican Republic,06/05/2023,661045,0
DOM,North America,Dominican Republic,07/05/2023,661103,58
DOM,North America,Dominican Republic,08/05/2023,661103,0
DOM,North America,Dominican Republic,09/05/2023,661103,0
DOM,North America,Dominican Republic,10/05/2023,661103,0
DOM,North America,Dominican Republic,11/05/2023,661103,0
DOM,North America,Dominican Republic,12/05/2023,661103,0
DOM,North America,Dominican Republic,13/05/2023,661103,0
DOM,North America,Dominican Republic,14/05/2023,661103,0
DOM,North America,Dominican Republic,15/05/2023,661103,0
DOM,North America,Dominican Republic,16/05/2023,661103,0
DOM,North America,Dominican Republic,17/05/2023,661103,0
DOM,North America,Dominican Republic,18/05/2023,661103,0
DOM,North America,Dominican Republic,19/05/2023,661103,0
DOM,North America,Dominican Republic,20/05/2023,661103,0
DOM,North America,Dominican Republic,21/05/2023,661176,73
DOM,North America,Dominican Republic,22/05/2023,661176,0
DOM,North America,Dominican Republic,23/05/2023,661176,0
DOM,North America,Dominican Republic,24/05/2023,661176,0
DOM,North America,Dominican Republic,25/05/2023,661176,0
DOM,North America,Dominican Republic,26/05/2023,661176,0
DOM,North America,Dominican Republic,27/05/2023,661176,0
DOM,North America,Dominican Republic,28/05/2023,661176,0
DOM,North America,Dominican Republic,29/05/2023,661176,0
DOM,North America,Dominican Republic,30/05/2023,661176,0
DOM,North America,Dominican Republic,31/05/2023,661176,0
DOM,North America,Dominican Republic,01/06/2023,661176,0
DOM,North America,Dominican Republic,02/06/2023,661176,0
DOM,North America,Dominican Republic,03/06/2023,661176,0
DOM,North America,Dominican Republic,04/06/2023,661176,0
DOM,North America,Dominican Republic,05/06/2023,661176,0
DOM,North America,Dominican Republic,06/06/2023,661176,0
DOM,North America,Dominican Republic,07/06/2023,661176,0
DOM,North America,Dominican Republic,08/06/2023,661176,0
DOM,North America,Dominican Republic,09/06/2023,661176,0
DOM,North America,Dominican Republic,10/06/2023,661176,0
DOM,North America,Dominican Republic,11/06/2023,661596,420
DOM,North America,Dominican Republic,12/06/2023,661596,0
DOM,North America,Dominican Republic,13/06/2023,661596,0
DOM,North America,Dominican Republic,14/06/2023,661596,0
DOM,North America,Dominican Republic,15/06/2023,661596,0
DOM,North America,Dominican Republic,16/06/2023,661596,0
DOM,North America,Dominican Republic,17/06/2023,661596,0
DOM,North America,Dominican Republic,18/06/2023,661596,0
DOM,North America,Dominican Republic,19/06/2023,661596,0
DOM,North America,Dominican Republic,20/06/2023,661596,0
DOM,North America,Dominican Republic,21/06/2023,661596,0
DOM,North America,Dominican Republic,22/06/2023,661596,0
DOM,North America,Dominican Republic,23/06/2023,661596,0
DOM,North America,Dominican Republic,24/06/2023,661596,0
DOM,North America,Dominican Republic,25/06/2023,662418,822
DOM,North America,Dominican Republic,26/06/2023,662418,0
DOM,North America,Dominican Republic,27/06/2023,662418,0
DOM,North America,Dominican Republic,28/06/2023,662418,0
DOM,North America,Dominican Republic,29/06/2023,662418,0
DOM,North America,Dominican Republic,30/06/2023,662418,0
DOM,North America,Dominican Republic,01/07/2023,662418,0
DOM,North America,Dominican Republic,02/07/2023,663195,777
DOM,North America,Dominican Republic,03/07/2023,663195,0
DOM,North America,Dominican Republic,04/07/2023,663195,0
DOM,North America,Dominican Republic,05/07/2023,663195,0
DOM,North America,Dominican Republic,06/07/2023,663195,0
DOM,North America,Dominican Republic,07/07/2023,663195,0
DOM,North America,Dominican Republic,08/07/2023,663195,0
DOM,North America,Dominican Republic,09/07/2023,663195,0
DOM,North America,Dominican Republic,10/07/2023,663195,0
DOM,North America,Dominican Republic,11/07/2023,663195,0
DOM,North America,Dominican Republic,12/07/2023,663195,0
DOM,North America,Dominican Republic,13/07/2023,663195,0
DOM,North America,Dominican Republic,14/07/2023,663195,0
DOM,North America,Dominican Republic,15/07/2023,663195,0
DOM,North America,Dominican Republic,16/07/2023,664120,925
DOM,North America,Dominican Republic,17/07/2023,664120,0
DOM,North America,Dominican Republic,18/07/2023,664120,0
DOM,North America,Dominican Republic,19/07/2023,664120,0
DOM,North America,Dominican Republic,20/07/2023,664120,0
DOM,North America,Dominican Republic,21/07/2023,664120,0
DOM,North America,Dominican Republic,22/07/2023,664120,0
DOM,North America,Dominican Republic,23/07/2023,667048,2928
DOM,North America,Dominican Republic,24/07/2023,667048,0
DOM,North America,Dominican Republic,25/07/2023,667048,0
DOM,North America,Dominican Republic,26/07/2023,667048,0
DOM,North America,Dominican Republic,27/07/2023,667048,0
DOM,North America,Dominican Republic,28/07/2023,667048,0
DOM,North America,Dominican Republic,29/07/2023,667048,0
DOM,North America,Dominican Republic,30/07/2023,667048,0
DOM,North America,Dominican Republic,31/07/2023,667048,0
DOM,North America,Dominican Republic,01/08/2023,667048,0
DOM,North America,Dominican Republic,02/08/2023,667048,0
DOM,North America,Dominican Republic,03/08/2023,667048,0
DOM,North America,Dominican Republic,04/08/2023,667048,0
DOM,North America,Dominican Republic,05/08/2023,667048,0
DOM,North America,Dominican Republic,06/08/2023,667048,0
DOM,North America,Dominican Republic,07/08/2023,667048,0
DOM,North America,Dominican Republic,08/08/2023,667048,0
DOM,North America,Dominican Republic,09/08/2023,667048,0
DOM,North America,Dominican Republic,10/08/2023,667048,0
DOM,North America,Dominican Republic,11/08/2023,667048,0
DOM,North America,Dominican Republic,12/08/2023,667048,0
DOM,North America,Dominican Republic,13/08/2023,667048,0
DOM,North America,Dominican Republic,14/08/2023,667048,0
DOM,North America,Dominican Republic,15/08/2023,667048,0
DOM,North America,Dominican Republic,16/08/2023,667048,0
DOM,North America,Dominican Republic,17/08/2023,667048,0
DOM,North America,Dominican Republic,18/08/2023,667048,0
DOM,North America,Dominican Republic,19/08/2023,667048,0
DOM,North America,Dominican Republic,20/08/2023,667048,0
DOM,North America,Dominican Republic,21/08/2023,667048,0
DOM,North America,Dominican Republic,22/08/2023,667048,0
DOM,North America,Dominican Republic,23/08/2023,667048,0
DOM,North America,Dominican Republic,24/08/2023,667048,0
DOM,North America,Dominican Republic,25/08/2023,667048,0
DOM,North America,Dominican Republic,26/08/2023,667048,0
DOM,North America,Dominican Republic,27/08/2023,667048,0
DOM,North America,Dominican Republic,28/08/2023,667048,0
DOM,North America,Dominican Republic,29/08/2023,667048,0
DOM,North America,Dominican Republic,30/08/2023,667048,0